{
  "trunk": {
    "data": {
      "barkNoise": 0.06599999964237213,
      "child": {
        "data": {
          "barkNoise": 0.1809999942779541,
          "child": {
            "data": {
              "barkNoise": 0.1770000010728836,
              "child": {
                "data": {
                  "child": {
                    "data": {
                      "length": 0.18230000138282776,
                      "mainRandomSeed": 20618,
                      "seperation": 0.5,
                      "splitInterval": 0.01600000075995922,
                      "startSplitPos": 0.1599999964237213,
                      "subRandomSeed": [
                        1832,
                        8378,
                        32405,
                        32319,
                        10430,
                        3385,
                        21136,
                        3620,
                        19667,
                        16375
                      ],
                      "texturePath": "C:\\codeBase\\ProceduralTree\\ProceduralTree\\assets\\textures\\TexturesCom_Leaves0200_1_masked_S.png",
                      "width": 0.04309999942779541
                    },
                    "type": "Leaf"
                  },
                  "gravityScale": 4.5381999015808105,
                  "mainRandomSeed": 16934,
                  "radialSegments": 6,
                  "radius": 0.004100000020116568,
                  "segments": 58,
                  "seperation": 0.19300000369548798,
                  "splitInterval": 0.2329999953508377,
                  "startSplitPos": 0.12200000137090683,
                  "stretch": 4.048999786376953,
                  "subRandomSeed": [
                    22569,
                    27761,
                    18941,
                    20511,
                    22418,
                    20769,
                    23666,
                    7028,
                    8376,
                    23169
                  ],
                  "texturePath": "C:\\codeBase\\ProceduralTree\\ProceduralTree\\assets\\textures\\elm.jpg"
                },
                "type": "Twig"
              },
              "gravityScale": 0.4684999883174896,
              "mainRandomSeed": 13790,
              "radialSegments": 30,
              "radiusScale": 0.6869999766349792,
              "segments": 34,
              "seperation": 0.23100000619888306,
              "spineNoise": 0.10000000149011612,
              "spineNoiseScale": 1.0,
              "splitInterval": 0.5,
              "startSplitPos": 0.210999995470047,
              "stretch": 30.0,
              "subRandomSeed": [
                12302,
                18579,
                18338,
                26765,
                948,
                28666,
                2984,
                2573,
                448,
                19574
              ],
              "texturePath": "C:\\codeBase\\ProceduralTree\\ProceduralTree\\assets\\textures\\elm.jpg"
            },
            "type": "Branch"
          },
          "gravityScale": -1.780500054359436,
          "mainRandomSeed": 3804,
          "radialSegments": 30,
          "radiusScale": 0.6460000276565552,
          "segments": 71,
          "seperation": 0.44600000977516174,
          "spineNoise": 0.2930000126361847,
          "spineNoiseScale": 1.7960000038146973,
          "splitInterval": 0.48399999737739563,
          "startSplitPos": 0.4390000104904175,
          "stretch": 40.119998931884766,
          "subRandomSeed": [
            12460,
            193,
            15714,
            18258,
            22200,
            6869,
            18881,
            5284,
            4283,
            6946
          ],
          "texturePath": "C:\\codeBase\\ProceduralTree\\ProceduralTree\\assets\\textures\\elm.jpg"
        },
        "type": "Branch"
      },
      "mainRandomSeed": 43,
      "radialSegments": 120,
      "radius": 0.30000001192092896,
      "segments": 100,
      "spine": {
        "controlPoints": [
          {
            "leftHandleDis": 1.0,
            "position": [
              0.0,
              0.0,
              0.0
            ],
            "rightHandleDis": 5.0,
            "tangent": [
              0.0,
              1.0,
              0.0
            ]
          },
          {
            "leftHandleDis": 5.0,
            "position": [
              0.02535291016101837,
              9.584269523620605,
              0.591768205165863
            ],
            "rightHandleDis": 1.0,
            "tangent": [
              0.0,
              1.0,
              0.0
            ]
          }
        ]
      },
      "spineNoise": 0.16599999368190765,
      "spineNoiseScale": 1.6510000228881836,
      "subRandomSeed": [
        179,
        11149,
        2965,
        21351,
        26397,
        16806,
        11128,
        4716,
        32320,
        28389
      ],
      "texturePath": "C:\\codeBase\\ProceduralTree\\ProceduralTree\\assets\\textures\\elm.jpg",
      "trunkRadiusCurve": {
        "knots": [
          [
            0.0,
            1.0
          ],
          [
            0.20000000298023224,
            0.8029999732971191
          ],
          [
            0.4000000059604645,
            0.609000027179718
          ],
          [
            0.6000000238418579,
            0.4350000023841858
          ],
          [
            0.800000011920929,
            0.2280000001192093
          ],
          [
            1.0,
            0.07400000095367432
          ]
        ]
      }
    },
    "type": "Trunk"
  }
}
